folder,path,N,d_label,d_rows,d_cols,d,p,loss,activation,depth,width,feature_dim,mean_model_accuracy,median_model_accuracy,std_model_accuracy,q25_model_accuracy,q75_model_accuracy,num_noise_datasets_used,num_test_used,mean_models_per_noise_dataset
mlp_ensemble__additive_gaussian__p=0.95__N=100__d=28x28__loss=mse__act=erf__L=3__width=2048__noiseK=20__initM=10__models=200,/data2/jt577/2026/papers/noisy_networks/05.2026/fig3/trained_mlp_nested_ensembles/mlp_ensemble__additive_gaussian__p=0.95__N=100__d=28x28__loss=mse__act=erf__L=3__width=2048__noiseK=20__initM=10__models=200,100,28x28,28,28,784,0.95,mse,erf,3,2048,784,0.153365,0.15455,0.02398122675848976,0.13827499999999998,0.1663,20,10000,10.0
mlp_ensemble__replacement__p=0.97__N=100__d=28x28__loss=mse__act=erf__L=3__width=2048__noiseK=100__initM=10__models=1000,/data2/jt577/2026/papers/noisy_networks/05.2026/fig3/trained_mlp_nested_ensembles/mlp_ensemble__replacement__p=0.97__N=100__d=28x28__loss=mse__act=erf__L=3__width=2048__noiseK=100__initM=10__models=1000,100,28x28,28,28,784,0.97,mse,erf,3,2048,784,0.14815,0.14550000000000002,0.03310432697769983,0.12725,0.1714,100,10000,10.0
mlp_ensemble__additive_gaussian__p=0.95__N=100__d=43x43__loss=mse__act=erf__L=3__width=2048__noiseK=20__initM=10__models=200,/data2/jt577/2026/papers/noisy_networks/05.2026/fig3/trained_mlp_nested_ensembles/mlp_ensemble__additive_gaussian__p=0.95__N=100__d=43x43__loss=mse__act=erf__L=3__width=2048__noiseK=20__initM=10__models=200,100,43x43,43,43,1849,0.95,mse,erf,3,2048,1849,0.2463450000000001,0.25345,0.049006911166745284,0.208125,0.285775,20,10000,10.0
mlp_ensemble__replacement__p=0.97__N=100__d=43x43__loss=mse__act=erf__L=3__width=2048__noiseK=100__initM=10__models=1000,/data2/jt577/2026/papers/noisy_networks/05.2026/fig3/trained_mlp_nested_ensembles/mlp_ensemble__replacement__p=0.97__N=100__d=43x43__loss=mse__act=erf__L=3__width=2048__noiseK=100__initM=10__models=1000,100,43x43,43,43,1849,0.97,mse,erf,3,2048,1849,0.256728,0.25505,0.04221633577254907,0.230825,0.28315,100,10000,10.0
mlp_ensemble__additive_gaussian__p=0.95__N=100__d=55x55__loss=mse__act=erf__L=3__width=2048__noiseK=20__initM=10__models=200,/data2/jt577/2026/papers/noisy_networks/05.2026/fig3/trained_mlp_nested_ensembles/mlp_ensemble__additive_gaussian__p=0.95__N=100__d=55x55__loss=mse__act=erf__L=3__width=2048__noiseK=20__initM=10__models=200,100,55x55,55,55,3025,0.95,mse,erf,3,2048,3025,0.27956000000000003,0.28965,0.04211268592466496,0.2549,0.31384999999999996,20,10000,10.0
mlp_ensemble__replacement__p=0.97__N=100__d=55x55__loss=mse__act=erf__L=3__width=2048__noiseK=100__initM=10__models=1000,/data2/jt577/2026/papers/noisy_networks/05.2026/fig3/trained_mlp_nested_ensembles/mlp_ensemble__replacement__p=0.97__N=100__d=55x55__loss=mse__act=erf__L=3__width=2048__noiseK=100__initM=10__models=1000,100,55x55,55,55,3025,0.97,mse,erf,3,2048,3025,0.301886,0.30305000000000004,0.04630049636490265,0.265225,0.331075,100,10000,10.0
mlp_ensemble__additive_gaussian__p=0.95__N=100__d=64x64__loss=mse__act=erf__L=3__width=2048__noiseK=20__initM=10__models=200,/data2/jt577/2026/papers/noisy_networks/05.2026/fig3/trained_mlp_nested_ensembles/mlp_ensemble__additive_gaussian__p=0.95__N=100__d=64x64__loss=mse__act=erf__L=3__width=2048__noiseK=20__initM=10__models=200,100,64x64,64,64,4096,0.95,mse,erf,3,2048,4096,0.30362,0.3012,0.04166546721080585,0.27785000000000004,0.3224,20,10000,10.0
mlp_ensemble__replacement__p=0.97__N=100__d=64x64__loss=mse__act=erf__L=3__width=2048__noiseK=100__initM=10__models=1000,/data2/jt577/2026/papers/noisy_networks/05.2026/fig3/trained_mlp_nested_ensembles/mlp_ensemble__replacement__p=0.97__N=100__d=64x64__loss=mse__act=erf__L=3__width=2048__noiseK=100__initM=10__models=1000,100,64x64,64,64,4096,0.97,mse,erf,3,2048,4096,0.323362,0.3214,0.04829163463538562,0.2874,0.3562,100,10000,10.0
mlp_ensemble__additive_gaussian__p=0.95__N=200__d=28x28__loss=mse__act=erf__L=3__width=2048__noiseK=20__initM=10__models=200,/data2/jt577/2026/papers/noisy_networks/05.2026/fig3/trained_mlp_nested_ensembles/mlp_ensemble__additive_gaussian__p=0.95__N=200__d=28x28__loss=mse__act=erf__L=3__width=2048__noiseK=20__initM=10__models=200,200,28x28,28,28,784,0.95,mse,erf,3,2048,784,0.23930500000000002,0.24385,0.03891378425780713,0.21857500000000002,0.2574,20,10000,10.0
mlp_ensemble__replacement__p=0.97__N=200__d=28x28__loss=mse__act=erf__L=3__width=2048__noiseK=100__initM=10__models=1000,/data2/jt577/2026/papers/noisy_networks/05.2026/fig3/trained_mlp_nested_ensembles/mlp_ensemble__replacement__p=0.97__N=200__d=28x28__loss=mse__act=erf__L=3__width=2048__noiseK=100__initM=10__models=1000,200,28x28,28,28,784,0.97,mse,erf,3,2048,784,0.325785,0.32335,0.04528020589015189,0.29395,0.35314999999999996,100,10000,10.0
mlp_ensemble__additive_gaussian__p=0.95__N=200__d=43x43__loss=mse__act=erf__L=3__width=2048__noiseK=20__initM=10__models=200,/data2/jt577/2026/papers/noisy_networks/05.2026/fig3/trained_mlp_nested_ensembles/mlp_ensemble__additive_gaussian__p=0.95__N=200__d=43x43__loss=mse__act=erf__L=3__width=2048__noiseK=20__initM=10__models=200,200,43x43,43,43,1849,0.95,mse,erf,3,2048,1849,0.29000999999999993,0.28025,0.046195008844086866,0.265275,0.319075,20,10000,10.0
mlp_ensemble__replacement__p=0.97__N=200__d=43x43__loss=mse__act=erf__L=3__width=2048__noiseK=100__initM=10__models=1000,/data2/jt577/2026/papers/noisy_networks/05.2026/fig3/trained_mlp_nested_ensembles/mlp_ensemble__replacement__p=0.97__N=200__d=43x43__loss=mse__act=erf__L=3__width=2048__noiseK=100__initM=10__models=1000,200,43x43,43,43,1849,0.97,mse,erf,3,2048,1849,0.40528899999999995,0.4144,0.0472127890887136,0.37205,0.44315,100,10000,10.0
mlp_ensemble__additive_gaussian__p=0.95__N=200__d=55x55__loss=mse__act=erf__L=3__width=2048__noiseK=20__initM=10__models=200,/data2/jt577/2026/papers/noisy_networks/05.2026/fig3/trained_mlp_nested_ensembles/mlp_ensemble__additive_gaussian__p=0.95__N=200__d=55x55__loss=mse__act=erf__L=3__width=2048__noiseK=20__initM=10__models=200,200,55x55,55,55,3025,0.95,mse,erf,3,2048,3025,0.35360500000000006,0.36275,0.04325623137342848,0.32905,0.3759,20,10000,10.0
mlp_ensemble__replacement__p=0.97__N=200__d=55x55__loss=mse__act=erf__L=3__width=2048__noiseK=100__initM=10__models=1000,/data2/jt577/2026/papers/noisy_networks/05.2026/fig3/trained_mlp_nested_ensembles/mlp_ensemble__replacement__p=0.97__N=200__d=55x55__loss=mse__act=erf__L=3__width=2048__noiseK=100__initM=10__models=1000,200,55x55,55,55,3025,0.97,mse,erf,3,2048,3025,0.44057500000000005,0.44420000000000004,0.04123009437071642,0.412025,0.466125,100,10000,10.0
mlp_ensemble__additive_gaussian__p=0.95__N=200__d=64x64__loss=mse__act=erf__L=3__width=2048__noiseK=20__initM=10__models=200,/data2/jt577/2026/papers/noisy_networks/05.2026/fig3/trained_mlp_nested_ensembles/mlp_ensemble__additive_gaussian__p=0.95__N=200__d=64x64__loss=mse__act=erf__L=3__width=2048__noiseK=20__initM=10__models=200,200,64x64,64,64,4096,0.95,mse,erf,3,2048,4096,0.39259999999999995,0.40654999999999997,0.047218227970049646,0.370125,0.428975,20,10000,10.0
mlp_ensemble__replacement__p=0.97__N=200__d=64x64__loss=mse__act=erf__L=3__width=2048__noiseK=100__initM=10__models=1000,/data2/jt577/2026/papers/noisy_networks/05.2026/fig3/trained_mlp_nested_ensembles/mlp_ensemble__replacement__p=0.97__N=200__d=64x64__loss=mse__act=erf__L=3__width=2048__noiseK=100__initM=10__models=1000,200,64x64,64,64,4096,0.97,mse,erf,3,2048,4096,0.46038199999999996,0.4647,0.043892330109305454,0.430525,0.4952,100,10000,10.0
mlp_ensemble__additive_gaussian__p=0.95__N=300__d=28x28__loss=mse__act=erf__L=3__width=2048__noiseK=20__initM=10__models=200,/data2/jt577/2026/papers/noisy_networks/05.2026/fig3/trained_mlp_nested_ensembles/mlp_ensemble__additive_gaussian__p=0.95__N=300__d=28x28__loss=mse__act=erf__L=3__width=2048__noiseK=20__initM=10__models=200,300,28x28,28,28,784,0.95,mse,erf,3,2048,784,0.31279,0.31855,0.04576898398191554,0.28864999999999996,0.344375,20,10000,10.0
mlp_ensemble__replacement__p=0.97__N=300__d=28x28__loss=mse__act=erf__L=3__width=2048__noiseK=100__initM=10__models=1000,/data2/jt577/2026/papers/noisy_networks/05.2026/fig3/trained_mlp_nested_ensembles/mlp_ensemble__replacement__p=0.97__N=300__d=28x28__loss=mse__act=erf__L=3__width=2048__noiseK=100__initM=10__models=1000,300,28x28,28,28,784,0.97,mse,erf,3,2048,784,0.43930299999999994,0.4427,0.03824233323837801,0.4143,0.4675,100,10000,10.0
mlp_ensemble__additive_gaussian__p=0.95__N=300__d=43x43__loss=mse__act=erf__L=3__width=2048__noiseK=20__initM=10__models=200,/data2/jt577/2026/papers/noisy_networks/05.2026/fig3/trained_mlp_nested_ensembles/mlp_ensemble__additive_gaussian__p=0.95__N=300__d=43x43__loss=mse__act=erf__L=3__width=2048__noiseK=20__initM=10__models=200,300,43x43,43,43,1849,0.95,mse,erf,3,2048,1849,0.40969000000000005,0.42400000000000004,0.0517353884788027,0.37515,0.45792499999999997,20,10000,10.0
mlp_ensemble__replacement__p=0.97__N=300__d=43x43__loss=mse__act=erf__L=3__width=2048__noiseK=100__initM=10__models=1000,/data2/jt577/2026/papers/noisy_networks/05.2026/fig3/trained_mlp_nested_ensembles/mlp_ensemble__replacement__p=0.97__N=300__d=43x43__loss=mse__act=erf__L=3__width=2048__noiseK=100__initM=10__models=1000,300,43x43,43,43,1849,0.97,mse,erf,3,2048,1849,0.538592,0.53915,0.03759440287160746,0.51365,0.560875,100,10000,10.0
mlp_ensemble__additive_gaussian__p=0.95__N=300__d=55x55__loss=mse__act=erf__L=3__width=2048__noiseK=20__initM=10__models=200,/data2/jt577/2026/papers/noisy_networks/05.2026/fig3/trained_mlp_nested_ensembles/mlp_ensemble__additive_gaussian__p=0.95__N=300__d=55x55__loss=mse__act=erf__L=3__width=2048__noiseK=20__initM=10__models=200,300,55x55,55,55,3025,0.95,mse,erf,3,2048,3025,0.47073500000000007,0.4756,0.02983435453510458,0.457575,0.48495,20,10000,10.0
mlp_ensemble__replacement__p=0.97__N=300__d=55x55__loss=mse__act=erf__L=3__width=2048__noiseK=100__initM=10__models=1000,/data2/jt577/2026/papers/noisy_networks/05.2026/fig3/trained_mlp_nested_ensembles/mlp_ensemble__replacement__p=0.97__N=300__d=55x55__loss=mse__act=erf__L=3__width=2048__noiseK=100__initM=10__models=1000,300,55x55,55,55,3025,0.97,mse,erf,3,2048,3025,0.5756889999999999,0.5766,0.03914668579957834,0.552175,0.60915,100,10000,10.0
mlp_ensemble__additive_gaussian__p=0.95__N=300__d=64x64__loss=mse__act=erf__L=3__width=2048__noiseK=20__initM=10__models=200,/data2/jt577/2026/papers/noisy_networks/05.2026/fig3/trained_mlp_nested_ensembles/mlp_ensemble__additive_gaussian__p=0.95__N=300__d=64x64__loss=mse__act=erf__L=3__width=2048__noiseK=20__initM=10__models=200,300,64x64,64,64,4096,0.95,mse,erf,3,2048,4096,0.48912999999999995,0.4904,0.03868914032318848,0.467325,0.5186499999999999,20,10000,10.0
mlp_ensemble__replacement__p=0.97__N=300__d=64x64__loss=mse__act=erf__L=3__width=2048__noiseK=100__initM=10__models=1000,/data2/jt577/2026/papers/noisy_networks/05.2026/fig3/trained_mlp_nested_ensembles/mlp_ensemble__replacement__p=0.97__N=300__d=64x64__loss=mse__act=erf__L=3__width=2048__noiseK=100__initM=10__models=1000,300,64x64,64,64,4096,0.97,mse,erf,3,2048,4096,0.593841,0.59275,0.030707663949778488,0.57575,0.616375,100,10000,10.0
mlp_ensemble__additive_gaussian__p=0.95__N=400__d=28x28__loss=mse__act=erf__L=3__width=2048__noiseK=20__initM=10__models=200,/data2/jt577/2026/papers/noisy_networks/05.2026/fig3/trained_mlp_nested_ensembles/mlp_ensemble__additive_gaussian__p=0.95__N=400__d=28x28__loss=mse__act=erf__L=3__width=2048__noiseK=20__initM=10__models=200,400,28x28,28,28,784,0.95,mse,erf,3,2048,784,0.37052499999999994,0.367,0.05190144379900286,0.338625,0.396725,20,10000,10.0
mlp_ensemble__replacement__p=0.97__N=400__d=28x28__loss=mse__act=erf__L=3__width=2048__noiseK=100__initM=10__models=1000,/data2/jt577/2026/papers/noisy_networks/05.2026/fig3/trained_mlp_nested_ensembles/mlp_ensemble__replacement__p=0.97__N=400__d=28x28__loss=mse__act=erf__L=3__width=2048__noiseK=100__initM=10__models=1000,400,28x28,28,28,784,0.97,mse,erf,3,2048,784,0.520925,0.52185,0.04131928738617125,0.49505,0.5494,100,10000,10.0
mlp_ensemble__additive_gaussian__p=0.95__N=400__d=43x43__loss=mse__act=erf__L=3__width=2048__noiseK=20__initM=10__models=200,/data2/jt577/2026/papers/noisy_networks/05.2026/fig3/trained_mlp_nested_ensembles/mlp_ensemble__additive_gaussian__p=0.95__N=400__d=43x43__loss=mse__act=erf__L=3__width=2048__noiseK=20__initM=10__models=200,400,43x43,43,43,1849,0.95,mse,erf,3,2048,1849,0.51942,0.51155,0.0355301295418854,0.4992,0.530775,20,10000,10.0
mlp_ensemble__replacement__p=0.97__N=400__d=43x43__loss=mse__act=erf__L=3__width=2048__noiseK=100__initM=10__models=1000,/data2/jt577/2026/papers/noisy_networks/05.2026/fig3/trained_mlp_nested_ensembles/mlp_ensemble__replacement__p=0.97__N=400__d=43x43__loss=mse__act=erf__L=3__width=2048__noiseK=100__initM=10__models=1000,400,43x43,43,43,1849,0.97,mse,erf,3,2048,1849,0.6267820000000001,0.6326,0.03094914166333163,0.60635,0.65125,100,10000,10.0
mlp_ensemble__additive_gaussian__p=0.95__N=400__d=55x55__loss=mse__act=erf__L=3__width=2048__noiseK=20__initM=10__models=200,/data2/jt577/2026/papers/noisy_networks/05.2026/fig3/trained_mlp_nested_ensembles/mlp_ensemble__additive_gaussian__p=0.95__N=400__d=55x55__loss=mse__act=erf__L=3__width=2048__noiseK=20__initM=10__models=200,400,55x55,55,55,3025,0.95,mse,erf,3,2048,3025,0.561595,0.5689,0.05039888757126543,0.5202749999999999,0.60015,20,10000,10.0
mlp_ensemble__replacement__p=0.97__N=400__d=55x55__loss=mse__act=erf__L=3__width=2048__noiseK=100__initM=10__models=1000,/data2/jt577/2026/papers/noisy_networks/05.2026/fig3/trained_mlp_nested_ensembles/mlp_ensemble__replacement__p=0.97__N=400__d=55x55__loss=mse__act=erf__L=3__width=2048__noiseK=100__initM=10__models=1000,400,55x55,55,55,3025,0.97,mse,erf,3,2048,3025,0.6527230000000002,0.6557999999999999,0.03148275094509225,0.631225,0.675875,100,10000,10.0
mlp_ensemble__additive_gaussian__p=0.95__N=400__d=64x64__loss=mse__act=erf__L=3__width=2048__noiseK=20__initM=10__models=200,/data2/jt577/2026/papers/noisy_networks/05.2026/fig3/trained_mlp_nested_ensembles/mlp_ensemble__additive_gaussian__p=0.95__N=400__d=64x64__loss=mse__act=erf__L=3__width=2048__noiseK=20__initM=10__models=200,400,64x64,64,64,4096,0.95,mse,erf,3,2048,4096,0.5844850000000001,0.58865,0.034799762174020976,0.5625,0.60775,20,10000,10.0
mlp_ensemble__replacement__p=0.97__N=400__d=64x64__loss=mse__act=erf__L=3__width=2048__noiseK=100__initM=10__models=1000,/data2/jt577/2026/papers/noisy_networks/05.2026/fig3/trained_mlp_nested_ensembles/mlp_ensemble__replacement__p=0.97__N=400__d=64x64__loss=mse__act=erf__L=3__width=2048__noiseK=100__initM=10__models=1000,400,64x64,64,64,4096,0.97,mse,erf,3,2048,4096,0.671207,0.67105,0.026573824194557175,0.6571750000000001,0.6893499999999999,100,10000,10.0
